{
  "version": 4,
  "info": {
    "version": 1,
    "type": "CompleteDescription"
  },
  "Screen Mode Q-Links": {
    "version": 4,
    "map": [
      {
        "Tab": 1,
        "SubTab": 1,
        "Bank Direction": "Row",
        "Q-Links": {
          "Q-Link 1": 35,
          "Q-Link 2": 36,
          "Q-Link 3": 37,
          "Q-Link 4": 38,
          "Q-Link 5": 39,
          "Q-Link 6": 40,
          "Q-Link 7": 41,
          "Q-Link 8": 42,
          "Q-Link 9": 323,
          "Q-Link 10": 324,
          "Q-Link 11": 325,
          "Q-Link 12": 326,
          "Q-Link 13": 327,
          "Q-Link 14": 328,
          "Q-Link 15": 329,
          "Q-Link 16": 330
        }
      },
      {
        "Tab": 1,
        "SubTab": 2,
        "Bank Direction": "Row",
        "Q-Links": {
          "Q-Link 1": 43,
          "Q-Link 2": 44,
          "Q-Link 3": 45,
          "Q-Link 4": 46,
          "Q-Link 5": 47,
          "Q-Link 6": 48,
          "Q-Link 7": 49,
          "Q-Link 8": 50,
          "Q-Link 9": 331,
          "Q-Link 10": 332,
          "Q-Link 11": 333,
          "Q-Link 12": 334,
          "Q-Link 13": 335,
          "Q-Link 14": 336,
          "Q-Link 15": 337,
          "Q-Link 16": 338
        }
      },
      {
        "Tab": 1,
        "SubTab": 3,
        "Bank Direction": "Row",
        "Q-Links": {
          "Q-Link 1": 51,
          "Q-Link 2": 52,
          "Q-Link 3": 53,
          "Q-Link 4": 54,
          "Q-Link 5": 55,
          "Q-Link 6": 56,
          "Q-Link 7": 57,
          "Q-Link 8": 58,
          "Q-Link 9": 339,
          "Q-Link 10": 340,
          "Q-Link 11": 341,
          "Q-Link 12": 342,
          "Q-Link 13": 343,
          "Q-Link 14": 344,
          "Q-Link 15": 345,
          "Q-Link 16": 346
        }
      },
      {
        "Tab": 1,
        "SubTab": 4,
        "Bank Direction": "Row",
        "Q-Links": {
          "Q-Link 1": 59,
          "Q-Link 2": 60,
          "Q-Link 3": 61,
          "Q-Link 4": 62,
          "Q-Link 5": 63,
          "Q-Link 6": 64,
          "Q-Link 7": 65,
          "Q-Link 8": 66,
          "Q-Link 9": 347,
          "Q-Link 10": 348,
          "Q-Link 11": 349,
          "Q-Link 12": 350,
          "Q-Link 13": 351,
          "Q-Link 14": 352,
          "Q-Link 15": 353,
          "Q-Link 16": 354
        }
      },
      {
        "Tab": 2,
        "SubTab": 1,
        "Bank Direction": "Row",
        "Q-Links": {
          "Q-Link 1": 67,
          "Q-Link 2": 68,
          "Q-Link 3": 69,
          "Q-Link 4": 70,
          "Q-Link 5": 71,
          "Q-Link 6": 72,
          "Q-Link 7": 73,
          "Q-Link 8": 74,
          "Q-Link 9": 163,
          "Q-Link 10": 164,
          "Q-Link 11": 165,
          "Q-Link 12": 166,
          "Q-Link 13": 167,
          "Q-Link 14": 168,
          "Q-Link 15": 169,
          "Q-Link 16": 170
        }
      },
      {
        "Tab": 2,
        "SubTab": 2,
        "Bank Direction": "Row",
        "Q-Links": {
          "Q-Link 1": 75,
          "Q-Link 2": 76,
          "Q-Link 3": 77,
          "Q-Link 4": 78,
          "Q-Link 5": 79,
          "Q-Link 6": 80,
          "Q-Link 7": 81,
          "Q-Link 8": 82,
          "Q-Link 9": 171,
          "Q-Link 10": 172,
          "Q-Link 11": 173,
          "Q-Link 12": 174,
          "Q-Link 13": 175,
          "Q-Link 14": 176,
          "Q-Link 15": 177,
          "Q-Link 16": 178
        }
      },
      {
        "Tab": 2,
        "SubTab": 3,
        "Bank Direction": "Row",
        "Q-Links": {
          "Q-Link 1": 83,
          "Q-Link 2": 84,
          "Q-Link 3": 85,
          "Q-Link 4": 86,
          "Q-Link 5": 87,
          "Q-Link 6": 88,
          "Q-Link 7": 89,
          "Q-Link 8": 90,
          "Q-Link 9": 179,
          "Q-Link 10": 180,
          "Q-Link 11": 181,
          "Q-Link 12": 182,
          "Q-Link 13": 183,
          "Q-Link 14": 184,
          "Q-Link 15": 185,
          "Q-Link 16": 186
        }
      },
      {
        "Tab": 2,
        "SubTab": 4,
        "Bank Direction": "Row",
        "Q-Links": {
          "Q-Link 1": 91,
          "Q-Link 2": 92,
          "Q-Link 3": 93,
          "Q-Link 4": 94,
          "Q-Link 5": 95,
          "Q-Link 6": 96,
          "Q-Link 7": 97,
          "Q-Link 8": 98,
          "Q-Link 9": 187,
          "Q-Link 10": 188,
          "Q-Link 11": 189,
          "Q-Link 12": 190,
          "Q-Link 13": 191,
          "Q-Link 14": 192,
          "Q-Link 15": 193,
          "Q-Link 16": 194
        }
      },
      {
        "Tab": 3,
        "SubTab": 1,
        "Bank Direction": "Row",
        "Q-Links": {
          "Q-Link 1": 99,
          "Q-Link 2": 100,
          "Q-Link 3": 101,
          "Q-Link 4": 102,
          "Q-Link 5": 103,
          "Q-Link 6": 104,
          "Q-Link 7": 105,
          "Q-Link 8": 106,
          "Q-Link 9": 227,
          "Q-Link 10": 228,
          "Q-Link 11": 229,
          "Q-Link 12": 230,
          "Q-Link 13": 231,
          "Q-Link 14": 232,
          "Q-Link 15": 233,
          "Q-Link 16": 234
        }
      },
      {
        "Tab": 3,
        "SubTab": 2,
        "Bank Direction": "Row",
        "Q-Links": {
          "Q-Link 1": 107,
          "Q-Link 2": 108,
          "Q-Link 3": 109,
          "Q-Link 4": 110,
          "Q-Link 5": 111,
          "Q-Link 6": 112,
          "Q-Link 7": 113,
          "Q-Link 8": 114,
          "Q-Link 9": 235,
          "Q-Link 10": 236,
          "Q-Link 11": 237,
          "Q-Link 12": 238,
          "Q-Link 13": 239,
          "Q-Link 14": 240,
          "Q-Link 15": 241,
          "Q-Link 16": 242
        }
      },
      {
        "Tab": 3,
        "SubTab": 3,
        "Bank Direction": "Row",
        "Q-Links": {
          "Q-Link 1": 115,
          "Q-Link 2": 116,
          "Q-Link 3": 117,
          "Q-Link 4": 118,
          "Q-Link 5": 119,
          "Q-Link 6": 120,
          "Q-Link 7": 121,
          "Q-Link 8": 122,
          "Q-Link 9": 243,
          "Q-Link 10": 244,
          "Q-Link 11": 245,
          "Q-Link 12": 246,
          "Q-Link 13": 247,
          "Q-Link 14": 248,
          "Q-Link 15": 249,
          "Q-Link 16": 250
        }
      },
      {
        "Tab": 3,
        "SubTab": 4,
        "Bank Direction": "Row",
        "Q-Links": {
          "Q-Link 1": 123,
          "Q-Link 2": 124,
          "Q-Link 3": 125,
          "Q-Link 4": 126,
          "Q-Link 5": 127,
          "Q-Link 6": 128,
          "Q-Link 7": 129,
          "Q-Link 8": 130,
          "Q-Link 9": 251,
          "Q-Link 10": 252,
          "Q-Link 11": 253,
          "Q-Link 12": 254,
          "Q-Link 13": 255,
          "Q-Link 14": 256,
          "Q-Link 15": 257,
          "Q-Link 16": 258
        }
      }
    ]
  },
  "Program Mode Q-Links": {
    "Q-Link 1": -1,
    "Q-Link 2": -1,
    "Q-Link 3": -1,
    "Q-Link 4": -1,
    "Q-Link 5": -1,
    "Q-Link 6": -1,
    "Q-Link 7": -1,
    "Q-Link 8": -1,
    "Q-Link 9": -1,
    "Q-Link 10": -1,
    "Q-Link 11": -1,
    "Q-Link 12": -1,
    "Q-Link 13": -1,
    "Q-Link 14": -1,
    "Q-Link 15": -1,
    "Q-Link 16": -1
  }
}