{
    "version": 4,
    "info": {
        "version": 1,
        "type": "CompleteDescription"
    },
    "Screen Mode Q-Links": {
        "version": 4,
        "map": [
            {
                "Tab": 1,
                "SubTab": 1,
                "Bank Direction": "Column",
                "Q-Links": {
                    "Q-Link 1": 0,
                    "Q-Link 2": -1,
                    "Q-Link 3": -1,
                    "Q-Link 4": -1,
                    "Q-Link 5": 1,
                    "Q-Link 6": -1,
                    "Q-Link 7": -1,
                    "Q-Link 8": -1,
                    "Q-Link 9": 2,
                    "Q-Link 10": -1,
                    "Q-Link 11": -1,
                    "Q-Link 12": -1,
                    "Q-Link 13": -1,
                    "Q-Link 14": -1,
                    "Q-Link 15": -1,
                    "Q-Link 16": -1
                }
            }
        ]
    },
    "Program Mode Q-Links": {
        "Q-Link 1": -1,
        "Q-Link 2": -1,
        "Q-Link 3": -1,
        "Q-Link 4": -1,
        "Q-Link 5": -1,
        "Q-Link 6": -1,
        "Q-Link 7": -1,
        "Q-Link 8": -1,
        "Q-Link 9": -1,
        "Q-Link 10": -1,
        "Q-Link 11": -1,
        "Q-Link 12": -1,
        "Q-Link 13": -1,
        "Q-Link 14": -1,
        "Q-Link 15": -1,
        "Q-Link 16": -1
    }
}