{
  "pageData": {
    "version": 1,
    "componentDefinitions": {
      "version": 2,
      "importFiles": [
        "../../Generic/Generic Knob Overlay.json",
        "../../Generic/Generic Menu Overlay.json",
        "../../AKAI Components/AKAI Generic Components.json"
      ],
      "localComponentDefinitions": [
        {
          "key": "numericOverlay",
          "value": {
            "version": 2,
            "actions": [],
            "backgroundData": {
              "version": 1,
              "focussed": {
                "version": 1,
                "colour": "0",
                "image": ""
              },
              "unfocussed": {
                "version": 1,
                "colour": "0",
                "image": ""
              }
            },
            "ignoreMousePresses": true,
            "disableCoarseDataWheel": false,
            "componentsData": [
              {
                "version": 2,
                "componentData": {
                  "version": 1,
                  "name": "Numeric Overlay",
                  "type": "NumericOverlay",
                  "data": {
                    "version": 1,
                    "actions": [
                      {
                        "version": 1,
                        "onAction": "Focus Lost",
                        "handler": "Focus Lost",
                        "handleName": "Focus Lost",
                        "additionalData": ""
                      }
                    ],
                    "handleName": "Data"
                  }
                },
                "handle remapping": {
                  "version": 1,
                  "map": []
                },
                "bounds": {
                  "version": 1,
                  "acceptsHWFocus": "Yes",
                  "showWhenDataModelInvalid": "Show",
                  "whenVisible": "Always",
                  "boundsType": "Absolute",
                  "bounds": "0 0 1280 800"
                }
              }
            ]
          }
        },
        {
          "key": "Vintage Mode",
          "value": {
            "version": 4,
            "actions": [],
            "backgroundData": {
              "version": 1,
              "focussed": {
                "version": 1,
                "colour": "ff1e1d1e",
                "image": ""
              },
              "unfocussed": {
                "version": 1,
                "colour": "ff1e1d1e",
                "image": ""
              }
            },
            "ignoreMousePresses": false,
            "disableCoarseDataWheel": false,
            "repeats": 1,
            "hideQLinkBounds": false,
            "componentsData": [
              {
                "version": 2,
                "componentData": {
                  "version": 1,
                  "name": "Image",
                  "type": "Image",
                  "data": {
                    "version": 2,
                    "imageType": "Regular",
                    "colour": "0",
                    "image": "sp1200ring__alt_bg.png"
                  }
                },
                "handle remapping": {
                  "version": 1,
                  "map": [
                    {
                      "key": "Data",
                      "value": "Invalid"
                    }
                  ]
                },
                "bounds": {
                  "version": 2,
                  "acceptsHWFocus": "No",
                  "showWhenDataModelInvalid": "Show",
                  "whenVisible": "Always",
                  "boundsType": "Absolute",
                  "bounds": "0 0 1280 628",
                  "additionalInvalidatingHandles": []
                }
              }
            ]
          }
        },
        {
          "key": "potRegular",
          "value": {
            "version": 2,
            "actions": [
              {
                "version": 1,
                "onAction": "Mouse Down",
                "handler": "Q-Link",
                "handleName": "Data",
                "additionalData": ""
              },
              {
                "version": 1,
                "onAction": "Double Click",
                "handler": "Show Overlay",
                "handleName": "",
                "additionalData": "knob overlay"
              },
              {
                "version": 1,
                "onAction": "Enter Pressed",
                "handler": "Show Overlay",
                "handleName": "",
                "additionalData": "knob overlay"
              }
            ],
            "backgroundData": {
              "version": 1,
              "focussed": {
                "version": 1,
                "colour": "0",
                "image": ""
              },
              "unfocussed": {
                "version": 1,
                "colour": "0",
                "image": ""
              }
            },
            "ignoreMousePresses": false,
            "disableCoarseDataWheel": false,
            "componentsData": [
              {
                "version": 2,
                "componentData": {
                  "version": 1,
                  "name": "Focus",
                  "type": "Focus",
                  "data": {
                    "version": 1,
                    "backgroundColour": "00ffffff",
                    "outlineColour": "ffe81f40",
                    "backgroundInset": 4.0,
                    "outlineThickness": 1.0
                  }
                },
                "handle remapping": {
                  "version": 1,
                  "map": []
                },
                "bounds": {
                  "version": 1,
                  "acceptsHWFocus": "No",
                  "showWhenDataModelInvalid": "Show",
                  "whenVisible": "WhenFocussed",
                  "boundsType": "Absolute",
                  "bounds": "0 0 68 68"
                }
              },
              {
                "version": 2,
                "componentData": {
                  "version": 1,
                  "name": "Knob",
                  "type": "Knob",
                  "data": {
                    "version": 1,
                    "knobType": "FilmStrip",
                    "filmStrip": "pot_lg.png",
                    "numFrames": 63,
                    "handleName": "Data"
                  }
                },
                "handle remapping": {
                  "version": 1,
                  "map": []
                },
                "bounds": {
                  "version": 1,
                  "acceptsHWFocus": "No",
                  "showWhenDataModelInvalid": "Show",
                  "whenVisible": "Always",
                  "boundsType": "Absolute",
                  "bounds": "0 0 100 100"
                }
              }
            ]
          }
        },
        {
          "key": "lcdDisplay",
          "value": {
            "version": 2,
            "actions": [
              {
                "version": 1,
                "onAction": "Mouse Down",
                "handler": "Q-Link",
                "handleName": "Data",
                "additionalData": ""
              },
              {
                "version": 1,
                "onAction": "Double Click",
                "handler": "Show Overlay",
                "handleName": "",
                "additionalData": "knob overlay"
              },
              {
                "version": 1,
                "onAction": "Enter Pressed",
                "handler": "Show Overlay",
                "handleName": "",
                "additionalData": "knob overlay"
              }
            ],
            "backgroundData": {
              "version": 1,
              "focussed": {
                "version": 1,
                "colour": "0",
                "image": ""
              },
              "unfocussed": {
                "version": 1,
                "colour": "0",
                "image": ""
              }
            },
            "ignoreMousePresses": false,
            "disableCoarseDataWheel": false,
            "componentsData": [
              {
                "version": 2,
                "componentData": {
                  "version": 1,
                  "name": "Focus",
                  "type": "Focus",
                  "data": {
                    "version": 1,
                    "backgroundColour": "00ffffff",
                    "outlineColour": "ffe81f40",
                    "backgroundInset": 4.0,
                    "outlineThickness": 1.0
                  }
                },
                "handle remapping": {
                  "version": 1,
                  "map": []
                },
                "bounds": {
                  "version": 1,
                  "acceptsHWFocus": "No",
                  "showWhenDataModelInvalid": "Show",
                  "whenVisible": "WhenFocussed",
                  "boundsType": "Absolute",
                  "bounds": "0 0 93 92"
                }
              },
              {
                "version": 2,
                "componentData": {
                  "version": 1,
                  "name": "Knob",
                  "type": "Knob",
                  "data": {
                    "version": 1,
                    "knobType": "FilmStrip",
                    "filmStrip": "lcd_characters.png",
                    "numFrames": 17,
                    "handleName": "Data"
                  }
                },
                "handle remapping": {
                  "version": 1,
                  "map": []
                },
                "bounds": {
                  "version": 1,
                  "acceptsHWFocus": "No",
                  "showWhenDataModelInvalid": "Show",
                  "whenVisible": "Always",
                  "boundsType": "Absolute",
                  "bounds": "0 0 100 100"
                }
              }
            ]
          }
        }
      ]
    },
    "info": {
      "version": 1,
      "type": "CompleteDescription",
      "DAGSS'24": "Dawid Galuszka"
    },
    "tabs": [
      {
        "version": 1,
        "tabName": "Vintage Cheat",
        "fnKeyIndex": 0,
        "fnKeySubIndex": 0,
        "componentDefinition": {
          "version": 2,
          "actions": [],
          "backgroundData": {
            "version": 1,
            "focussed": {
              "version": 1,
              "colour": "ff000000",
              "image": ""
            },
            "unfocussed": {
              "version": 1,
              "colour": "ff000000",
              "image": ""
            }
          },
          "ignoreMousePresses": false,
          "disableCoarseDataWheel": false,
          "componentsData": [
            {
              "version": 2,
              "componentData": {
                "version": 1,
                "name": "Image",
                "type": "Image",
                "data": {
                  "version": 2,
                  "imageType": "Regular",
                  "colour": "000000",
                  "image": "sp1200ring_alt_bg.png"
                }
              },
              "handle remapping": {
                "version": 1,
                "map": [
                  {
                    "key": "Data",
                    "value": "Invalid"
                  }
                ]
              },
              "bounds": {
                "version": 1,
                "acceptsHWFocus": "No",
                "showWhenDataModelInvalid": "Show",
                "whenVisible": "Always",
                "boundsType": "Absolute",
                "bounds": "0 0 1280 630"
              }
            },
            {
              "version": 2,
              "componentData": {
                "version": 1,
                "name": "bitReduction",
                "type": "potRegular",
                "data": {
                  "version": 1,
                  "handleName": "Data"
                }
              },
              "handle remapping": {
                "version": 1,
                "map": [
                  {
                    "key": "Data",
                    "value": "Parameter 2"
                  }
                ]
              },
              "bounds": {
                "version": 1,
                "acceptsHWFocus": "Yes",
                "showWhenDataModelInvalid": "Hide",
                "whenVisible": "Always",
                "boundsType": "Absolute",
                "bounds": "1080 90 110 110"
              }
            },
            {
              "version": 2,
              "componentData": {
                "version": 1,
                "name": "decimation",
                "type": "potRegular",
                "data": {
                  "version": 1,
                  "handleName": "Data"
                }
              },
              "handle remapping": {
                "version": 1,
                "map": [
                  {
                    "key": "Data",
                    "value": "Parameter 1"
                  }
                ]
              },
              "bounds": {
                "version": 1,
                "acceptsHWFocus": "Yes",
                "showWhenDataModelInvalid": "Hide",
                "whenVisible": "Always",
                "boundsType": "Absolute",
                "bounds": "970 290 110 110"
              }
            },
            {
              "version": 2,
              "componentData": {
                "version": 1,
                "name": "dryWet",
                "type": "potRegular",
                "data": {
                  "version": 1,
                  "handleName": "Data"
                }
              },
              "handle remapping": {
                "version": 1,
                "map": [
                  {
                    "key": "Data",
                    "value": "Parameter 0"
                  }
                ]
              },
              "bounds": {
                "version": 1,
                "acceptsHWFocus": "Yes",
                "showWhenDataModelInvalid": "Hide",
                "whenVisible": "Always",
                "boundsType": "Absolute",
                "bounds": "850 480 110 110"
              }
            },
            {
              "version": 2,
              "componentData": {
                "version": 1,
                "name": "dryWet_label",
                "type": "Label",
                "data": {
                  "version": 1,
                  "textStyle": {
                    "version": 1,
                    "font": {
                      "version": 1,
                      "name": "Titillium Web",
                      "style": "Bold",
                      "height": 35
                    },
                    "colour": "ff000000",
                    "justification": "horizontallyCentred verticallyCentred",
                    "case": "Original"
                  },
                  "type": "Value",
                  "handleName": "Parameter 0"
                }
              },
              "handle remapping": {
                "version": 1,
                "map": []
              },
              "bounds": {
                "version": 1,
                "acceptsHWFocus": "No",
                "showWhenDataModelInvalid": "Show",
                "whenVisible": "Always",
                "boundsType": "Absolute",
                "bounds": "930 455 50 50"
              }
            },
            {
              "version": 2,
              "componentData": {
                "version": 1,
                "name": "decimation_label",
                "type": "Label",
                "data": {
                  "version": 1,
                  "textStyle": {
                    "version": 1,
                    "font": {
                      "version": 1,
                      "name": "Titillium Web",
                      "style": "Bold",
                      "height": 35
                    },
                    "colour": "ff000000",
                    "justification": "horizontallyCentred verticallyCentred",
                    "case": "Original"
                  },
                  "type": "Value",
                  "handleName": "Parameter 1"
                }
              },
              "handle remapping": {
                "version": 1,
                "map": []
              },
              "bounds": {
                "version": 1,
                "acceptsHWFocus": "No",
                "showWhenDataModelInvalid": "Show",
                "whenVisible": "Always",
                "boundsType": "Absolute",
                "bounds": "1050 265 50 50"
              }
            },
            {
              "version": 2,
              "componentData": {
                "version": 1,
                "name": "bitReduction_label",
                "type": "Label",
                "data": {
                  "version": 1,
                  "textStyle": {
                    "version": 1,
                    "font": {
                      "version": 1,
                      "name": "Titillium Web",
                      "style": "Bold",
                      "height": 35
                    },
                    "colour": "ff000000",
                    "justification": "horizontallyCentred verticallyCentred",
                    "case": "Original"
                  },
                  "type": "Value",
                  "handleName": "Parameter 2"
                }
              },
              "handle remapping": {
                "version": 1,
                "map": []
              },
              "bounds": {
                "version": 1,
                "acceptsHWFocus": "No",
                "showWhenDataModelInvalid": "Show",
                "whenVisible": "Always",
                "boundsType": "Absolute",
                "bounds": "1160 65 50 50"
              }
            }
          ]
        },
        "qlinkBoundsData": []
      }
    ]
  }
}